Type,Name,Description
Person,Sarah Chen,Senior Software Architect leading backend development initiatives with expertise in distributed systems and cloud infrastructure. Specializes in designing scalable microservices architectures and mentoring junior developers on best practices. sarah-chen@company.com
Person,Marcus Rodriguez,DevOps Engineer focusing on CI/CD pipeline optimization and infrastructure automation. Implements security best practices and maintains cloud resources across multiple environments. marcus-rodriguez@company.com
Person,Priya Patel,Product Manager overseeing the development of enterprise solutions. Collaborates with stakeholders to define product roadmaps and ensure successful feature delivery. priya-patel@company.com
Person,James Wilson,Frontend Developer skilled in React and modern JavaScript frameworks. Creates responsive user interfaces and implements accessibility standards across web applications. james-wilson@company.com
Person,Ana Kovac,Data Scientist specializing in machine learning algorithms and predictive analytics. Develops models for customer behavior analysis and product recommendations. ana-kovac@company.com
Person,David Kim,Technical Lead managing the mobile development team. Oversees iOS and Android app development while ensuring code quality and performance standards. david-kim@company.com
Person,Lisa Thompson,UX Research Lead conducting user studies and analyzing behavioral data to improve product usability. Creates detailed user personas and journey maps. lisa-thompson@company.com
Person,Michael O'Brien,Security Engineer implementing robust cybersecurity measures across the organization. Conducts security audits and develops incident response procedures. michael-obrien@company.com
Person,Rachel Foster,Quality Assurance Lead developing automated testing frameworks and maintaining test coverage metrics. Ensures product reliability through comprehensive testing strategies. rachel-foster@company.com
Person,Thomas Wright,Solutions Architect designing custom enterprise implementations for key clients. Works with sales teams to create technical proposals and architecture diagrams. thomas-wright@company.com
Person,Nina Petrov,Database Administrator managing data infrastructure and optimization. Ensures data integrity and implements backup/recovery procedures across systems. nina-petrov@company.com
Person,Kevin Chang,API Integration Specialist developing and maintaining external service connections. Creates documentation and provides support for third-party integrations. kevin-chang@company.com
Person,Emily Baker,Technical Writer creating user documentation and API references. Collaborates with development teams to ensure accurate and comprehensive documentation. emily-baker@company.com
Person,Hassan Ahmed,Machine Learning Engineer developing and deploying AI models. Focuses on natural language processing and computer vision applications. hassan-ahmed@company.com
Person,Carol Martinez,Scrum Master facilitating agile processes and removing team impediments. Coaches teams on agile methodologies and tracks project metrics. carol-martinez@company.com
Person,Daniel Lee,Cloud Infrastructure Engineer managing AWS resources and implementing IaC practices. Optimizes cloud costs and maintains high availability systems. daniel-lee@company.com
Person,Grace Williams,Business Analyst translating business requirements into technical specifications. Conducts process analysis and creates detailed requirement documents. grace-williams@company.com
Person,Alex Turner,Mobile UI/UX Designer creating intuitive mobile app interfaces. Develops design systems and ensures consistent user experience across platforms. alex-turner@company.com
Person,Jennifer Morris,Data Engineer building data pipelines and ETL processes. Manages data warehousing solutions and implements data governance practices. jennifer-morris@company.com
Person,Robert Singh,Systems Administrator maintaining internal infrastructure and network security. Manages server deployments and handles technical support escalations. robert-singh@company.com
Project,Cloud Migration Initiative,Large-scale infrastructure modernization project moving legacy systems to cloud-native architecture. Implementing containerization and serverless computing solutions. Team includes Marcus Rodriguez (marcus-rodriguez@company.com) as DevOps lead Daniel Lee (daniel-lee@company.com) as cloud architect and Nina Petrov (nina-petrov@company.com) for database migration expertise.
Project,AI-Powered Analytics Platform,Development of machine learning platform for predictive business analytics. Focuses on real-time data processing and visualization. Team includes Hassan Ahmed (hassan-ahmed@company.com) Ana Kovac (ana-kovac@company.com) Jennifer Morris (jennifer-morris@company.com) and Kevin Chang (kevin-chang@company.com) for API integrations.
Project,Mobile App Redesign,Complete overhaul of company's mobile applications with focus on user experience and performance. Team includes David Kim (david-kim@company.com) Alex Turner (alex-turner@company.com) Lisa Thompson (lisa-thompson@company.com) and James Wilson (james-wilson@company.com) for frontend implementation.
Project,Security Enhancement Program,Comprehensive security audit and implementation of enhanced security measures across all systems. Includes penetration testing and security policy updates. Team includes Michael O'Brien (michael-obrien@company.com) Robert Singh (robert-singh@company.com) and Sarah Chen (sarah-chen@company.com) for architecture review.
Project,Enterprise Portal Modernization,Redesign of customer-facing enterprise portal with improved functionality and integration capabilities. Team includes Priya Patel (priya-patel@company.com) as product manager Thomas Wright (thomas-wright@company.com) for architecture and Grace Williams (grace-williams@company.com) for requirements analysis.